"HITId","HITTypeId","Title","Description","Keywords","Reward","CreationTime","MaxAssignments","RequesterAnnotation","AssignmentDurationInSeconds","AutoApprovalDelayInSeconds","Expiration","NumberOfSimilarHITs","LifetimeInSeconds","AssignmentId","WorkerId","AssignmentStatus","AcceptTime","SubmitTime","AutoApprovalTime","ApprovalTime","RejectionTime","RequesterFeedback","WorkTimeInSeconds","LifetimeApprovalRate","Last30DaysApprovalRate","Last7DaysApprovalRate","Answer.response","Approve","Reject"
"3S8APUMBJXCDI71KJUXF2YGKUX8BFQ","3PCDMC3F65UKK71SUNF7SR5EU6BX21","Click on the horse in the image","Every time you click on the image, a dot will appear where you clicked. Please click on the horse at least 10 times. It can be anywhere on the horse (so long as it is actually ON the horse!). You can only submit the HIT if you click at least 10 times.","click on object,images","$0.02","Fri Apr 19 08:32:38 PDT 2019","1000","BatchId:234837;OriginalHitTemplateId:921587254;","3600","259200","Fri Apr 26 08:32:38 PDT 2019","","","317HQ483I8L1FRQ1DUDBLAOMXPCIN4","A1YXUJF77LEX1J","Approved","Thu Apr 25 15:58:16 PDT 2019","Thu Apr 25 15:59:16 PDT 2019","Sun Apr 28 15:59:16 PDT 2019","","","","60","100% (98/98)","100% (98/98)","0% (0/0)","[{""x"":138,""y"":141.875,""timestamp"":1556233116928},{""x"":168,""y"":128.875,""timestamp"":1556233118154},{""x"":189,""y"":152.875,""timestamp"":1556233119176},{""x"":205,""y"":180.875,""timestamp"":1556233120080},{""x"":232,""y"":220.875,""timestamp"":1556233120948},{""x"":270,""y"":239.875,""timestamp"":1556233122497},{""x"":308,""y"":241.875,""timestamp"":1556233123396},{""x"":348,""y"":239.875,""timestamp"":1556233124200},{""x"":389,""y"":229.875,""timestamp"":1556233125017},{""x"":422,""y"":246.875,""timestamp"":1556233125791},{""x"":373,""y"":288.875,""timestamp"":1556233127808},{""x"":240,""y"":272.875,""timestamp"":1556233128981},{""x"":236,""y"":314.875,""timestamp"":1556233130446},{""x"":395,""y"":314.875,""timestamp"":1556233133613},{""x"":417,""y"":331.875,""timestamp"":1556233134427},{""x"":412,""y"":362.875,""timestamp"":1556233135376},{""x"":443,""y"":282.875,""timestamp"":1556233136396},{""x"":470,""y"":309.875,""timestamp"":1556233137341},{""x"":496,""y"":343.875,""timestamp"":1556233139215},{""x"":207,""y"":289.875,""timestamp"":1556233141184},{""x"":183,""y"":302.875,""timestamp"":1556233142224},{""x"":188,""y"":333.875,""timestamp"":1556233143638},{""x"":205,""y"":358.875,""timestamp"":1556233144611},{""x"":226,""y"":369.875,""timestamp"":1556233146462},{""x"":115,""y"":157.875,""timestamp"":1556233148609}]"
"3S8APUMBJXCDI71KJUXF2YGKUX8BFQ","3PCDMC3F65UKK71SUNF7SR5EU6BX21","Click on the horse in the image","Every time you click on the image, a dot will appear where you clicked. Please click on the horse at least 10 times. It can be anywhere on the horse (so long as it is actually ON the horse!). You can only submit the HIT if you click at least 10 times.","click on object,images","$0.02","Fri Apr 19 08:32:38 PDT 2019","1000","BatchId:234837;OriginalHitTemplateId:921587254;","3600","259200","Fri Apr 26 08:32:38 PDT 2019","","","32KTQ2V7RE82M8CYXZSYV20J98R9MM","A32TTE4XXN6MQZ","Approved","Sun Apr 21 10:51:58 PDT 2019","Sun Apr 21 10:53:00 PDT 2019","Wed Apr 24 10:53:00 PDT 2019","2019-04-24 17:53:07 UTC","","","62","100% (221/221)","100% (221/221)","0% (0/0)","[{""x"":213.5,""y"":155,""timestamp"":1555869128474},{""x"":112.5,""y"":165,""timestamp"":1555869131273},{""x"":107.5,""y"":154,""timestamp"":1555869132715},{""x"":133.5,""y"":118,""timestamp"":1555869135864},{""x"":129.5,""y"":126,""timestamp"":1555869136826},{""x"":121.5,""y"":135,""timestamp"":1555869137554},{""x"":114.5,""y"":139,""timestamp"":1555869138228},{""x"":123.5,""y"":161,""timestamp"":1555869139766},{""x"":136.5,""y"":158,""timestamp"":1555869140520},{""x"":148.5,""y"":155,""timestamp"":1555869141399},{""x"":161.5,""y"":155,""timestamp"":1555869142217},{""x"":172.5,""y"":157,""timestamp"":1555869143057},{""x"":174.5,""y"":167,""timestamp"":1555869144178},{""x"":179.5,""y"":179,""timestamp"":1555869144809},{""x"":180.5,""y"":189,""timestamp"":1555869145452},{""x"":183.5,""y"":201,""timestamp"":1555869145947},{""x"":190.5,""y"":209,""timestamp"":1555869146563},{""x"":191.5,""y"":222,""timestamp"":1555869147101},{""x"":192.5,""y"":226,""timestamp"":1555869147782},{""x"":192.5,""y"":242,""timestamp"":1555869148247},{""x"":194.5,""y"":248,""timestamp"":1555869148773},{""x"":198.5,""y"":257,""timestamp"":1555869149645},{""x"":205.5,""y"":265,""timestamp"":1555869150231},{""x"":209.5,""y"":266,""timestamp"":1555869150991},{""x"":222.5,""y"":271,""timestamp"":1555869152423},{""x"":140.5,""y"":110,""timestamp"":1555869156518},{""x"":149.5,""y"":108,""timestamp"":1555869157240},{""x"":150.5,""y"":101,""timestamp"":1555869158324},{""x"":146.5,""y"":91,""timestamp"":1555869159363},{""x"":159.5,""y"":100,""timestamp"":1555869160823},{""x"":162.5,""y"":91,""timestamp"":1555869162848},{""x"":161.5,""y"":87,""timestamp"":1555869163826},{""x"":172.5,""y"":97,""timestamp"":1555869164908},{""x"":176.5,""y"":104,""timestamp"":1555869165453},{""x"":181.5,""y"":108,""timestamp"":1555869165935},{""x"":185.5,""y"":111,""timestamp"":1555869166486},{""x"":188.5,""y"":116,""timestamp"":1555869166941},{""x"":192.5,""y"":123,""timestamp"":1555869167385},{""x"":194.5,""y"":127,""timestamp"":1555869167864},{""x"":198.5,""y"":136,""timestamp"":1555869168376},{""x"":199.5,""y"":136,""timestamp"":1555869168950},{""x"":210.5,""y"":153,""timestamp"":1555869169430},{""x"":204.5,""y"":145,""timestamp"":1555869170008},{""x"":219.5,""y"":155,""timestamp"":1555869170560},{""x"":224.5,""y"":166,""timestamp"":1555869171192},{""x"":237.5,""y"":173,""timestamp"":1555869171762},{""x"":251.5,""y"":182,""timestamp"":1555869172612},{""x"":258.5,""y"":184,""timestamp"":1555869173188},{""x"":273.5,""y"":188,""timestamp"":1555869174110},{""x"":287.5,""y"":193,""timestamp"":1555869175392},{""x"":306.5,""y"":193,""timestamp"":1555869176142},{""x"":323.5,""y"":193,""timestamp"":1555869176694},{""x"":333.5,""y"":190,""timestamp"":1555869177359},{""x"":345.5,""y"":186,""timestamp"":1555869178086},{""x"":358.5,""y"":183,""timestamp"":1555869179106},{""x"":373.5,""y"":183,""timestamp"":1555869179636}]"
"3S8APUMBJXCDI71KJUXF2YGKUX8BFQ","3PCDMC3F65UKK71SUNF7SR5EU6BX21","Click on the horse in the image","Every time you click on the image, a dot will appear where you clicked. Please click on the horse at least 10 times. It can be anywhere on the horse (so long as it is actually ON the horse!). You can only submit the HIT if you click at least 10 times.","click on object,images","$0.02","Fri Apr 19 08:32:38 PDT 2019","1000","BatchId:234837;OriginalHitTemplateId:921587254;","3600","259200","Fri Apr 26 08:32:38 PDT 2019","","","33PPO7FECW8STFZOO0Z8P5CSJKVDI0","AY0INTNXKC6ZO","Approved","Tue Apr 23 12:53:05 PDT 2019","Tue Apr 23 12:53:15 PDT 2019","Fri Apr 26 12:53:15 PDT 2019","2019-04-26 19:54:07 UTC","","","10","100% (15/15)","100% (15/15)","0% (0/0)","[{""x"":141,""y"":144.875,""timestamp"":1556049189673},{""x"":146,""y"":129.875,""timestamp"":1556049190130},{""x"":158,""y"":128.875,""timestamp"":1556049190545},{""x"":179,""y"":131.875,""timestamp"":1556049190945},{""x"":179,""y"":131.875,""timestamp"":1556049191287},{""x"":172,""y"":123.875,""timestamp"":1556049191777},{""x"":209,""y"":198.875,""timestamp"":1556049192306},{""x"":252,""y"":249.875,""timestamp"":1556049193391},{""x"":289,""y"":249.875,""timestamp"":1556049193766},{""x"":337,""y"":234.875,""timestamp"":1556049194181}]"
"3S8APUMBJXCDI71KJUXF2YGKUX8BFQ","3PCDMC3F65UKK71SUNF7SR5EU6BX21","Click on the horse in the image","Every time you click on the image, a dot will appear where you clicked. Please click on the horse at least 10 times. It can be anywhere on the horse (so long as it is actually ON the horse!). You can only submit the HIT if you click at least 10 times.","click on object,images","$0.02","Fri Apr 19 08:32:38 PDT 2019","1000","BatchId:234837;OriginalHitTemplateId:921587254;","3600","259200","Fri Apr 26 08:32:38 PDT 2019","","","33PPO7FECW8STFZOO0Z8P5CSJL7IDJ","A28RPWZS3IPTRM","Approved","Thu Apr 25 10:04:55 PDT 2019","Thu Apr 25 10:05:04 PDT 2019","Sun Apr 28 10:05:04 PDT 2019","","","","9","100% (15/15)","100% (15/15)","0% (0/0)","[{""x"":112.5,""y"":157.875,""timestamp"":1556211896891},{""x"":115.5,""y"":149.875,""timestamp"":1556211897125},{""x"":139.5,""y"":139.875,""timestamp"":1556211897343},{""x"":138.5,""y"":139.875,""timestamp"":1556211897545},{""x"":138.5,""y"":139.875,""timestamp"":1556211897731},{""x"":116.5,""y"":154.875,""timestamp"":1556211898006},{""x"":118.5,""y"":152.875,""timestamp"":1556211898223},{""x"":137.5,""y"":136.875,""timestamp"":1556211898457},{""x"":152.5,""y"":123.875,""timestamp"":1556211898667},{""x"":157.5,""y"":123.875,""timestamp"":1556211898869},{""x"":171.5,""y"":145.875,""timestamp"":1556211899345},{""x"":171.5,""y"":145.875,""timestamp"":1556211899499},{""x"":184.5,""y"":145.875,""timestamp"":1556211899806},{""x"":193.5,""y"":139.875,""timestamp"":1556211900016},{""x"":194.5,""y"":139.875,""timestamp"":1556211900226},{""x"":185.5,""y"":134.875,""timestamp"":1556211900508},{""x"":176.5,""y"":115.875,""timestamp"":1556211900751},{""x"":169.5,""y"":110.875,""timestamp"":1556211900985},{""x"":162.5,""y"":106.875,""timestamp"":1556211901227},{""x"":153.5,""y"":105.875,""timestamp"":1556211901510},{""x"":153.5,""y"":105.875,""timestamp"":1556211901727}]"
"3S8APUMBJXCDI71KJUXF2YGKUX8BFQ","3PCDMC3F65UKK71SUNF7SR5EU6BX21","Click on the horse in the image","Every time you click on the image, a dot will appear where you clicked. Please click on the horse at least 10 times. It can be anywhere on the horse (so long as it is actually ON the horse!). You can only submit the HIT if you click at least 10 times.","click on object,images","$0.02","Fri Apr 19 08:32:38 PDT 2019","1000","BatchId:234837;OriginalHitTemplateId:921587254;","3600","259200","Fri Apr 26 08:32:38 PDT 2019","","","34T446B1C177HSCUKEFRZVUECRIC0M","A1AMWY5239KF3Y","Approved","Thu Apr 25 17:00:09 PDT 2019","Thu Apr 25 17:00:37 PDT 2019","Sun Apr 28 17:00:37 PDT 2019","","","","28","100% (14/14)","100% (14/14)","0% (0/0)","[{""x"":195,""y"":155.875,""timestamp"":1556236817997},{""x"":362,""y"":198.875,""timestamp"":1556236823136},{""x"":433,""y"":261.875,""timestamp"":1556236824352},{""x"":386,""y"":306.875,""timestamp"":1556236826332},{""x"":245,""y"":256.875,""timestamp"":1556236828092},{""x"":242,""y"":294.875,""timestamp"":1556236828916},{""x"":256,""y"":216.875,""timestamp"":1556236829780},{""x"":316,""y"":214.875,""timestamp"":1556236830344},{""x"":215,""y"":194.875,""timestamp"":1556236830984},{""x"":213,""y"":266.875,""timestamp"":1556236832040}]"
"3S8APUMBJXCDI71KJUXF2YGKUX8BFQ","3PCDMC3F65UKK71SUNF7SR5EU6BX21","Click on the horse in the image","Every time you click on the image, a dot will appear where you clicked. Please click on the horse at least 10 times. It can be anywhere on the horse (so long as it is actually ON the horse!). You can only submit the HIT if you click at least 10 times.","click on object,images","$0.02","Fri Apr 19 08:32:38 PDT 2019","1000","BatchId:234837;OriginalHitTemplateId:921587254;","3600","259200","Fri Apr 26 08:32:38 PDT 2019","","","35GMH2SV3FA7H7ORIQNXFKQZV5VEOP","A1P9T1A0OLRNY3","Approved","Tue Apr 23 12:20:03 PDT 2019","Tue Apr 23 12:20:52 PDT 2019","Fri Apr 26 12:20:52 PDT 2019","2019-04-26 19:21:07 UTC","","","49","100% (16/16)","100% (16/16)","0% (0/0)","[{""x"":123.5,""y"":123.875,""timestamp"":1556047234719},{""x"":123.5,""y"":123.875,""timestamp"":1556047235000},{""x"":278.5,""y"":229.875,""timestamp"":1556047245563},{""x"":221.5,""y"":199.875,""timestamp"":1556047246206},{""x"":319.5,""y"":204.875,""timestamp"":1556047246791},{""x"":371.5,""y"":211.875,""timestamp"":1556047247315},{""x"":300.5,""y"":249.875,""timestamp"":1556047247901},{""x"":227.5,""y"":249.875,""timestamp"":1556047248439},{""x"":248.5,""y"":209.875,""timestamp"":1556047249057},{""x"":225.5,""y"":186.875,""timestamp"":1556047249711},{""x"":185.5,""y"":151.875,""timestamp"":1556047250624}]"
"3S8APUMBJXCDI71KJUXF2YGKUX8BFQ","3PCDMC3F65UKK71SUNF7SR5EU6BX21","Click on the horse in the image","Every time you click on the image, a dot will appear where you clicked. Please click on the horse at least 10 times. It can be anywhere on the horse (so long as it is actually ON the horse!). You can only submit the HIT if you click at least 10 times.","click on object,images","$0.02","Fri Apr 19 08:32:38 PDT 2019","1000","BatchId:234837;OriginalHitTemplateId:921587254;","3600","259200","Fri Apr 26 08:32:38 PDT 2019","","","38YMOXR4MVSB914E3UV9KQB8HAI6WM","A1P97PT7OUQHU4","Approved","Thu Apr 25 10:06:22 PDT 2019","Thu Apr 25 10:07:09 PDT 2019","Sun Apr 28 10:07:09 PDT 2019","","","","47","100% (15/15)","100% (15/15)","0% (0/0)","[{""x"":219,""y"":193.86458587646484,""timestamp"":1556212019989},{""x"":274,""y"":216.86458587646484,""timestamp"":1556212020508},{""x"":351,""y"":216.86458587646484,""timestamp"":1556212020966},{""x"":246,""y"":260.86458587646484,""timestamp"":1556212021416},{""x"":379,""y"":289.86458587646484,""timestamp"":1556212022125},{""x"":404,""y"":240.86458587646484,""timestamp"":1556212022563},{""x"":149,""y"":134.86458587646484,""timestamp"":1556212023217},{""x"":117,""y"":138.86458587646484,""timestamp"":1556212023820},{""x"":207,""y"":146.86458587646484,""timestamp"":1556212024298},{""x"":295,""y"":216.86458587646484,""timestamp"":1556212024769}]"
"3S8APUMBJXCDI71KJUXF2YGKUX8BFQ","3PCDMC3F65UKK71SUNF7SR5EU6BX21","Click on the horse in the image","Every time you click on the image, a dot will appear where you clicked. Please click on the horse at least 10 times. It can be anywhere on the horse (so long as it is actually ON the horse!). You can only submit the HIT if you click at least 10 times.","click on object,images","$0.02","Fri Apr 19 08:32:38 PDT 2019","1000","BatchId:234837;OriginalHitTemplateId:921587254;","3600","259200","Fri Apr 26 08:32:38 PDT 2019","","","3A0EX8ZRN9HL4IG9EMU5G3IG6JSBYA","A3O8K08MXAW5C6","Approved","Thu Apr 25 08:27:43 PDT 2019","Thu Apr 25 08:28:05 PDT 2019","Sun Apr 28 08:28:05 PDT 2019","","","","22","100% (22/22)","100% (22/22)","100% (5/5)","[{""x"":238.19998168945312,""y"":230.875,""timestamp"":1556206081271},{""x"":268.1999816894531,""y"":211.875,""timestamp"":1556206081532},{""x"":288.1999816894531,""y"":227.875,""timestamp"":1556206081735},{""x"":311.1999816894531,""y"":236.875,""timestamp"":1556206081935},{""x"":344.1999816894531,""y"":225.875,""timestamp"":1556206082136},{""x"":354.1999816894531,""y"":221.875,""timestamp"":1556206082321},{""x"":379.1999816894531,""y"":222.875,""timestamp"":1556206082529},{""x"":359.1999816894531,""y"":240.875,""timestamp"":1556206082744},{""x"":290.1999816894531,""y"":254.875,""timestamp"":1556206083039},{""x"":248.19998168945312,""y"":254.875,""timestamp"":1556206083348},{""x"":209.19998168945312,""y"":188.47500228881836,""timestamp"":1556206085017},{""x"":203.19998168945312,""y"":178.47500228881836,""timestamp"":1556206085209},{""x"":191.19998168945312,""y"":160.47500228881836,""timestamp"":1556206085456},{""x"":180.19998168945312,""y"":148.47500228881836,""timestamp"":1556206085689},{""x"":174.19998168945312,""y"":144.47500228881836,""timestamp"":1556206085904},{""x"":194.19998168945312,""y"":161.47500228881836,""timestamp"":1556206086097},{""x"":221.19998168945312,""y"":208.47500228881836,""timestamp"":1556206086329},{""x"":258.1999816894531,""y"":225.47500228881836,""timestamp"":1556206086515},{""x"":319.1999816894531,""y"":224.47500228881836,""timestamp"":1556206086701},{""x"":392.1999816894531,""y"":229.47500228881836,""timestamp"":1556206086901},{""x"":415.1999816894531,""y"":232.47500228881836,""timestamp"":1556206087071},{""x"":428.1999816894531,""y"":236.47500228881836,""timestamp"":1556206087256},{""x"":424.1999816894531,""y"":242.47500228881836,""timestamp"":1556206087457},{""x"":442.1999816894531,""y"":226.47500228881836,""timestamp"":1556206087665},{""x"":446.1999816894531,""y"":222.47500228881836,""timestamp"":1556206087880},{""x"":428.1999816894531,""y"":222.47500228881836,""timestamp"":1556206088105},{""x"":412.1999816894531,""y"":230.47500228881836,""timestamp"":1556206088283},{""x"":395.1999816894531,""y"":245.47500228881836,""timestamp"":1556206088485},{""x"":380.1999816894531,""y"":274.47500228881836,""timestamp"":1556206088700},{""x"":378.1999816894531,""y"":277.47500228881836,""timestamp"":1556206088870},{""x"":312.1999816894531,""y"":265.47500228881836,""timestamp"":1556206089072},{""x"":268.1999816894531,""y"":261.47500228881836,""timestamp"":1556206089281},{""x"":264.1999816894531,""y"":262.47500228881836,""timestamp"":1556206089472}]"
"3S8APUMBJXCDI71KJUXF2YGKUX8BFQ","3PCDMC3F65UKK71SUNF7SR5EU6BX21","Click on the horse in the image","Every time you click on the image, a dot will appear where you clicked. Please click on the horse at least 10 times. It can be anywhere on the horse (so long as it is actually ON the horse!). You can only submit the HIT if you click at least 10 times.","click on object,images","$0.02","Fri Apr 19 08:32:38 PDT 2019","1000","BatchId:234837;OriginalHitTemplateId:921587254;","3600","259200","Fri Apr 26 08:32:38 PDT 2019","","","3B837J3LDPPBO3LPBDO6YWZJ7KYRSO","A2VH5M7RLI6708","Approved","Thu Apr 25 04:49:11 PDT 2019","Thu Apr 25 04:49:41 PDT 2019","Sun Apr 28 04:49:41 PDT 2019","","","","30","100% (18/18)","100% (18/18)","0% (0/0)","[{""x"":111.37109375,""y"":164.73046875,""timestamp"":1556192965733},{""x"":166.37109375,""y"":159.73046875,""timestamp"":1556192966721},{""x"":187.37109375,""y"":215.73046875,""timestamp"":1556192967607},{""x"":206.37109375,""y"":268.73046875,""timestamp"":1556192968748},{""x"":221.37109375,""y"":385.73046875,""timestamp"":1556192973686},{""x"":263.37109375,""y"":284.73046875,""timestamp"":1556192975290},{""x"":345.37109375,""y"":282.73046875,""timestamp"":1556192976570},{""x"":402.37109375,""y"":385.73046875,""timestamp"":1556192977758},{""x"":402.37109375,""y"":263.73046875,""timestamp"":1556192978568},{""x"":371.37109375,""y"":179.73046875,""timestamp"":1556192979812}]"
"3S8APUMBJXCDI71KJUXF2YGKUX8BFQ","3PCDMC3F65UKK71SUNF7SR5EU6BX21","Click on the horse in the image","Every time you click on the image, a dot will appear where you clicked. Please click on the horse at least 10 times. It can be anywhere on the horse (so long as it is actually ON the horse!). You can only submit the HIT if you click at least 10 times.","click on object,images","$0.02","Fri Apr 19 08:32:38 PDT 2019","1000","BatchId:234837;OriginalHitTemplateId:921587254;","3600","259200","Fri Apr 26 08:32:38 PDT 2019","","","3DEL4X4EL7ESHLJAJIMN5098PMIYX8","A30VAVBAUXE301","Approved","Thu Apr 25 13:36:25 PDT 2019","Thu Apr 25 13:37:03 PDT 2019","Sun Apr 28 13:37:03 PDT 2019","","","","38","100% (1/1)","100% (1/1)","0% (0/0)","[{""x"":182,""y"":151.875,""timestamp"":1556224594941},{""x"":203,""y"":196.875,""timestamp"":1556224595390},{""x"":234,""y"":213.875,""timestamp"":1556224595967},{""x"":221,""y"":178.875,""timestamp"":1556224596548},{""x"":193,""y"":144.875,""timestamp"":1556224597044},{""x"":169,""y"":118.875,""timestamp"":1556224597710},{""x"":132,""y"":134.875,""timestamp"":1556224598174},{""x"":279,""y"":219.875,""timestamp"":1556224598695},{""x"":344,""y"":223.875,""timestamp"":1556224599200},{""x"":382,""y"":199.875,""timestamp"":1556224599705},{""x"":398,""y"":240.875,""timestamp"":1556224600128},{""x"":436,""y"":266.875,""timestamp"":1556224600771},{""x"":346,""y"":251.875,""timestamp"":1556224601267},{""x"":308,""y"":268.875,""timestamp"":1556224601690},{""x"":269,""y"":250.875,""timestamp"":1556224602105},{""x"":247,""y"":249.875,""timestamp"":1556224602567},{""x"":247,""y"":276.875,""timestamp"":1556224602934},{""x"":240,""y"":309.875,""timestamp"":1556224603685},{""x"":236,""y"":343.875,""timestamp"":1556224604374},{""x"":209,""y"":289.875,""timestamp"":1556224605399},{""x"":187,""y"":289.875,""timestamp"":1556224605951},{""x"":183,""y"":310.875,""timestamp"":1556224606352},{""x"":198,""y"":352.875,""timestamp"":1556224607141},{""x"":408,""y"":380.875,""timestamp"":1556224608279},{""x"":415,""y"":341.875,""timestamp"":1556224608849},{""x"":395,""y"":316.875,""timestamp"":1556224609402},{""x"":382,""y"":294.875,""timestamp"":1556224609866},{""x"":383,""y"":270.875,""timestamp"":1556224610288},{""x"":359,""y"":279.875,""timestamp"":1556224610899},{""x"":445,""y"":285.875,""timestamp"":1556224611648},{""x"":458,""y"":293.875,""timestamp"":1556224612249},{""x"":473,""y"":309.875,""timestamp"":1556224612681},{""x"":482,""y"":329.875,""timestamp"":1556224613079},{""x"":507,""y"":359.875,""timestamp"":1556224613869},{""x"":512,""y"":370.875,""timestamp"":1556224614861},{""x"":435,""y"":254.875,""timestamp"":1556224615731},{""x"":422,""y"":231.875,""timestamp"":1556224616080},{""x"":407,""y"":218.875,""timestamp"":1556224616390},{""x"":327,""y"":206.875,""timestamp"":1556224618408},{""x"":327,""y"":206.875,""timestamp"":1556224618652}]"
"3S8APUMBJXCDI71KJUXF2YGKUX8BFQ","3PCDMC3F65UKK71SUNF7SR5EU6BX21","Click on the horse in the image","Every time you click on the image, a dot will appear where you clicked. Please click on the horse at least 10 times. It can be anywhere on the horse (so long as it is actually ON the horse!). You can only submit the HIT if you click at least 10 times.","click on object,images","$0.02","Fri Apr 19 08:32:38 PDT 2019","1000","BatchId:234837;OriginalHitTemplateId:921587254;","3600","259200","Fri Apr 26 08:32:38 PDT 2019","","","3DHE4R9OCX4RUEVD1NFO8A887HMG2C","A9UIN25Y2HNGP","Approved","Wed Apr 24 18:19:37 PDT 2019","Wed Apr 24 18:19:49 PDT 2019","Sat Apr 27 18:19:49 PDT 2019","","","","12","100% (18/18)","100% (18/18)","0% (0/0)","[{""x"":126.5,""y"":145.875,""timestamp"":1556155180505},{""x"":160.5,""y"":119.875,""timestamp"":1556155181227},{""x"":195.5,""y"":152.875,""timestamp"":1556155181634},{""x"":275.5,""y"":201.875,""timestamp"":1556155182079},{""x"":360.5,""y"":191.875,""timestamp"":1556155182556},{""x"":411.5,""y"":226.875,""timestamp"":1556155183034},{""x"":383.5,""y"":278.875,""timestamp"":1556155184187},{""x"":234.5,""y"":282.875,""timestamp"":1556155184854},{""x"":191.5,""y"":239.875,""timestamp"":1556155185397},{""x"":233.5,""y"":223.875,""timestamp"":1556155186410},{""x"":330.5,""y"":245.875,""timestamp"":1556155187096}]"
"3S8APUMBJXCDI71KJUXF2YGKUX8BFQ","3PCDMC3F65UKK71SUNF7SR5EU6BX21","Click on the horse in the image","Every time you click on the image, a dot will appear where you clicked. Please click on the horse at least 10 times. It can be anywhere on the horse (so long as it is actually ON the horse!). You can only submit the HIT if you click at least 10 times.","click on object,images","$0.02","Fri Apr 19 08:32:38 PDT 2019","1000","BatchId:234837;OriginalHitTemplateId:921587254;","3600","259200","Fri Apr 26 08:32:38 PDT 2019","","","3F0BG9B9MQGY26DJ15IPB1WKNT1Y7B","AAHT5IXE5NHA0","Approved","Thu Apr 25 09:39:06 PDT 2019","Thu Apr 25 09:39:42 PDT 2019","Sun Apr 28 09:39:42 PDT 2019","","","","36","100% (15/15)","100% (15/15)","0% (0/0)","[{""x"":119,""y"":131.875,""timestamp"":1556210351311},{""x"":154,""y"":124.875,""timestamp"":1556210368965},{""x"":134,""y"":148.875,""timestamp"":1556210369814},{""x"":242,""y"":221.875,""timestamp"":1556210370437},{""x"":205,""y"":174.875,""timestamp"":1556210370926},{""x"":181,""y"":147.875,""timestamp"":1556210371406},{""x"":196,""y"":201.875,""timestamp"":1556210372071},{""x"":206,""y"":251.875,""timestamp"":1556210372703},{""x"":238,""y"":276.875,""timestamp"":1556210373247},{""x"":238,""y"":312.875,""timestamp"":1556210373755},{""x"":345,""y"":247.875,""timestamp"":1556210374460},{""x"":300,""y"":217.875,""timestamp"":1556210374997},{""x"":284,""y"":266.875,""timestamp"":1556210375396},{""x"":372,""y"":222.875,""timestamp"":1556210375885},{""x"":369,""y"":184.875,""timestamp"":1556210376461},{""x"":327,""y"":205.875,""timestamp"":1556210376941},{""x"":421,""y"":250.875,""timestamp"":1556210377470},{""x"":399,""y"":214.875,""timestamp"":1556210377970},{""x"":373,""y"":276.875,""timestamp"":1556210378642},{""x"":374,""y"":298.875,""timestamp"":1556210379107},{""x"":402,""y"":326.875,""timestamp"":1556210380043}]"
"3S8APUMBJXCDI71KJUXF2YGKUX8BFQ","3PCDMC3F65UKK71SUNF7SR5EU6BX21","Click on the horse in the image","Every time you click on the image, a dot will appear where you clicked. Please click on the horse at least 10 times. It can be anywhere on the horse (so long as it is actually ON the horse!). You can only submit the HIT if you click at least 10 times.","click on object,images","$0.02","Fri Apr 19 08:32:38 PDT 2019","1000","BatchId:234837;OriginalHitTemplateId:921587254;","3600","259200","Fri Apr 26 08:32:38 PDT 2019","","","3I0BTBYZAYEKKVDZG6XGWMMXFFLY01","AVR45JLAQN5ZC","Approved","Tue Apr 23 19:31:36 PDT 2019","Tue Apr 23 19:33:05 PDT 2019","Fri Apr 26 19:33:05 PDT 2019","2019-04-27 02:33:07 UTC","","","89","100% (13/13)","100% (13/13)","0% (0/0)","[{""x"":129,""y"":123.875,""timestamp"":1556073123825},{""x"":115,""y"":140.875,""timestamp"":1556073125288},{""x"":109,""y"":160.875,""timestamp"":1556073125953},{""x"":122,""y"":162.875,""timestamp"":1556073128717},{""x"":143,""y"":160.875,""timestamp"":1556073129526},{""x"":162,""y"":156.875,""timestamp"":1556073130846},{""x"":180,""y"":167.875,""timestamp"":1556073131769},{""x"":184,""y"":191.875,""timestamp"":1556073132449},{""x"":191,""y"":223.875,""timestamp"":1556073133175},{""x"":193,""y"":251.875,""timestamp"":1556073133743},{""x"":216,""y"":272.875,""timestamp"":1556073134624},{""x"":297,""y"":261.875,""timestamp"":1556073135145},{""x"":241,""y"":296.875,""timestamp"":1556073135649},{""x"":233,""y"":355.875,""timestamp"":1556073136458},{""x"":252,""y"":215.875,""timestamp"":1556073137063},{""x"":212,""y"":181.875,""timestamp"":1556073137575},{""x"":172,""y"":122.875,""timestamp"":1556073138272},{""x"":153,""y"":128.875,""timestamp"":1556073138633},{""x"":234,""y"":204.875,""timestamp"":1556073139322},{""x"":320,""y"":226.875,""timestamp"":1556073139754},{""x"":392,""y"":226.875,""timestamp"":1556073140171},{""x"":342,""y"":254.875,""timestamp"":1556073140587},{""x"":242,""y"":239.875,""timestamp"":1556073141140},{""x"":238,""y"":286.875,""timestamp"":1556073141613},{""x"":294,""y"":238.875,""timestamp"":1556073142125},{""x"":292,""y"":206.875,""timestamp"":1556073142493},{""x"":210,""y"":186.875,""timestamp"":1556073142942},{""x"":184,""y"":138.875,""timestamp"":1556073143547},{""x"":202,""y"":131.875,""timestamp"":1556073144252},{""x"":215,""y"":154.875,""timestamp"":1556073144548},{""x"":260,""y"":199.875,""timestamp"":1556073145053},{""x"":289,""y"":225.875,""timestamp"":1556073145573},{""x"":265,""y"":258.875,""timestamp"":1556073145974},{""x"":280,""y"":281.875,""timestamp"":1556073146615},{""x"":302,""y"":281.875,""timestamp"":1556073146926},{""x"":336,""y"":279.875,""timestamp"":1556073147400},{""x"":379,""y"":268.875,""timestamp"":1556073148020},{""x"":364,""y"":286.875,""timestamp"":1556073148437},{""x"":381,""y"":308.875,""timestamp"":1556073149294},{""x"":404,""y"":323.875,""timestamp"":1556073149725},{""x"":416,""y"":369.875,""timestamp"":1556073150784},{""x"":402,""y"":380.875,""timestamp"":1556073151377},{""x"":417,""y"":339.875,""timestamp"":1556073152114},{""x"":467,""y"":308.875,""timestamp"":1556073153399},{""x"":481,""y"":332.875,""timestamp"":1556073153808},{""x"":511,""y"":365.875,""timestamp"":1556073154625},{""x"":497,""y"":349.875,""timestamp"":1556073155194},{""x"":436,""y"":255.875,""timestamp"":1556073156683},{""x"":436,""y"":255.875,""timestamp"":1556073156927},{""x"":448,""y"":283.875,""timestamp"":1556073157512},{""x"":414,""y"":243.875,""timestamp"":1556073158642},{""x"":412,""y"":217.875,""timestamp"":1556073159090},{""x"":394,""y"":203.875,""timestamp"":1556073159419},{""x"":361,""y"":184.875,""timestamp"":1556073160749},{""x"":323,""y"":196.875,""timestamp"":1556073161277},{""x"":344,""y"":193.875,""timestamp"":1556073162094},{""x"":372,""y"":217.875,""timestamp"":1556073162575},{""x"":350,""y"":217.875,""timestamp"":1556073162960},{""x"":310,""y"":212.875,""timestamp"":1556073163456},{""x"":312,""y"":213.875,""timestamp"":1556073164241},{""x"":312,""y"":213.875,""timestamp"":1556073164600},{""x"":312,""y"":213.875,""timestamp"":1556073164762},{""x"":312,""y"":213.875,""timestamp"":1556073164922},{""x"":312,""y"":213.875,""timestamp"":1556073165074},{""x"":312,""y"":213.875,""timestamp"":1556073165226},{""x"":312,""y"":213.875,""timestamp"":1556073165363},{""x"":312,""y"":213.875,""timestamp"":1556073165507},{""x"":312,""y"":213.875,""timestamp"":1556073165659},{""x"":312,""y"":213.875,""timestamp"":1556073165834},{""x"":312,""y"":213.875,""timestamp"":1556073166122},{""x"":312,""y"":213.875,""timestamp"":1556073166291},{""x"":312,""y"":213.875,""timestamp"":1556073166460},{""x"":312,""y"":213.875,""timestamp"":1556073166605},{""x"":312,""y"":213.875,""timestamp"":1556073166749},{""x"":312,""y"":213.875,""timestamp"":1556073166892},{""x"":312,""y"":213.875,""timestamp"":1556073167052},{""x"":312,""y"":213.875,""timestamp"":1556073167204},{""x"":312,""y"":213.875,""timestamp"":1556073167365},{""x"":312,""y"":213.875,""timestamp"":1556073167639},{""x"":312,""y"":213.875,""timestamp"":1556073167813},{""x"":312,""y"":213.875,""timestamp"":1556073167991},{""x"":312,""y"":213.875,""timestamp"":1556073168165},{""x"":312,""y"":213.875,""timestamp"":1556073168498},{""x"":312,""y"":213.875,""timestamp"":1556073168675},{""x"":312,""y"":213.875,""timestamp"":1556073168835},{""x"":312,""y"":213.875,""timestamp"":1556073169004},{""x"":312,""y"":213.875,""timestamp"":1556073169171},{""x"":312,""y"":213.875,""timestamp"":1556073169332},{""x"":312,""y"":213.875,""timestamp"":1556073169500},{""x"":312,""y"":213.875,""timestamp"":1556073169660},{""x"":312,""y"":213.875,""timestamp"":1556073169836},{""x"":312,""y"":213.875,""timestamp"":1556073169997},{""x"":312,""y"":213.875,""timestamp"":1556073170149},{""x"":312,""y"":213.875,""timestamp"":1556073170317},{""x"":312,""y"":213.875,""timestamp"":1556073170469},{""x"":312,""y"":213.875,""timestamp"":1556073170644},{""x"":312,""y"":213.875,""timestamp"":1556073170813},{""x"":312,""y"":213.875,""timestamp"":1556073170982},{""x"":312,""y"":213.875,""timestamp"":1556073171150},{""x"":312,""y"":213.875,""timestamp"":1556073171318},{""x"":312,""y"":213.875,""timestamp"":1556073171479},{""x"":312,""y"":213.875,""timestamp"":1556073171633},{""x"":312,""y"":213.875,""timestamp"":1556073171807},{""x"":312,""y"":213.875,""timestamp"":1556073171967},{""x"":312,""y"":213.875,""timestamp"":1556073172137},{""x"":312,""y"":213.875,""timestamp"":1556073172312},{""x"":312,""y"":213.875,""timestamp"":1556073172472},{""x"":312,""y"":213.875,""timestamp"":1556073172632},{""x"":312,""y"":213.875,""timestamp"":1556073172813},{""x"":312,""y"":213.875,""timestamp"":1556073172989},{""x"":312,""y"":213.875,""timestamp"":1556073173149},{""x"":312,""y"":213.875,""timestamp"":1556073173317},{""x"":312,""y"":213.875,""timestamp"":1556073173485},{""x"":312,""y"":213.875,""timestamp"":1556073173654},{""x"":312,""y"":213.875,""timestamp"":1556073173814},{""x"":312,""y"":213.875,""timestamp"":1556073173982},{""x"":312,""y"":213.875,""timestamp"":1556073174318},{""x"":312,""y"":213.875,""timestamp"":1556073174494},{""x"":312,""y"":213.875,""timestamp"":1556073174646},{""x"":312,""y"":213.875,""timestamp"":1556073174807},{""x"":312,""y"":213.875,""timestamp"":1556073174952},{""x"":312,""y"":213.875,""timestamp"":1556073175118},{""x"":312,""y"":213.875,""timestamp"":1556073175304},{""x"":312,""y"":213.875,""timestamp"":1556073175472},{""x"":312,""y"":213.875,""timestamp"":1556073175640},{""x"":312,""y"":213.875,""timestamp"":1556073175833},{""x"":373,""y"":239.875,""timestamp"":1556073177322},{""x"":361,""y"":239.875,""timestamp"":1556073177707},{""x"":340,""y"":239.875,""timestamp"":1556073178156},{""x"":314,""y"":241.875,""timestamp"":1556073178541},{""x"":321,""y"":264.875,""timestamp"":1556073179061},{""x"":239,""y"":254.875,""timestamp"":1556073179561},{""x"":246,""y"":275.875,""timestamp"":1556073180075},{""x"":210,""y"":290.875,""timestamp"":1556073180716},{""x"":186,""y"":294.875,""timestamp"":1556073181213},{""x"":187,""y"":317.875,""timestamp"":1556073181837},{""x"":188,""y"":338.875,""timestamp"":1556073182294},{""x"":203,""y"":358.875,""timestamp"":1556073182919},{""x"":236,""y"":248.875,""timestamp"":1556073183535},{""x"":228,""y"":212.875,""timestamp"":1556073183960},{""x"":217,""y"":220.875,""timestamp"":1556073184336},{""x"":191,""y"":196.875,""timestamp"":1556073184769},{""x"":196,""y"":154.875,""timestamp"":1556073185266},{""x"":252,""y"":196.875,""timestamp"":1556073185730},{""x"":268,""y"":234.875,""timestamp"":1556073186267},{""x"":223,""y"":233.875,""timestamp"":1556073186792},{""x"":219,""y"":237.875,""timestamp"":1556073187168},{""x"":207,""y"":248.875,""timestamp"":1556073187593},{""x"":209,""y"":172.875,""timestamp"":1556073188002},{""x"":238,""y"":183.875,""timestamp"":1556073188482},{""x"":312,""y"":191.875,""timestamp"":1556073189043},{""x"":266,""y"":198.875,""timestamp"":1556073189588},{""x"":275,""y"":211.875,""timestamp"":1556073190052},{""x"":416,""y"":209.875,""timestamp"":1556073190621},{""x"":453,""y"":214.875,""timestamp"":1556073191094},{""x"":466,""y"":199.875,""timestamp"":1556073191706},{""x"":544,""y"":218.875,""timestamp"":1556073192098},{""x"":499,""y"":213.875,""timestamp"":1556073192627},{""x"":484,""y"":230.875,""timestamp"":1556073193124},{""x"":456,""y"":250.875,""timestamp"":1556073193508},{""x"":444,""y"":221.875,""timestamp"":1556073194093},{""x"":427,""y"":223.875,""timestamp"":1556073194501},{""x"":426,""y"":259.875,""timestamp"":1556073195247},{""x"":377,""y"":259.875,""timestamp"":1556073195647},{""x"":396,""y"":247.875,""timestamp"":1556073196283},{""x"":396,""y"":291.875,""timestamp"":1556073196651},{""x"":378,""y"":290.875,""timestamp"":1556073197389},{""x"":406,""y"":318.875,""timestamp"":1556073197958},{""x"":390,""y"":310.875,""timestamp"":1556073198558},{""x"":476,""y"":201.875,""timestamp"":1556073199479},{""x"":477,""y"":212.875,""timestamp"":1556073200089},{""x"":467,""y"":225.875,""timestamp"":1556073200433},{""x"":450,""y"":196.875,""timestamp"":1556073201122},{""x"":437,""y"":198.875,""timestamp"":1556073201530},{""x"":372,""y"":192.875,""timestamp"":1556073202131},{""x"":359,""y"":204.875,""timestamp"":1556073202716}]"
"3S8APUMBJXCDI71KJUXF2YGKUX8BFQ","3PCDMC3F65UKK71SUNF7SR5EU6BX21","Click on the horse in the image","Every time you click on the image, a dot will appear where you clicked. Please click on the horse at least 10 times. It can be anywhere on the horse (so long as it is actually ON the horse!). You can only submit the HIT if you click at least 10 times.","click on object,images","$0.02","Fri Apr 19 08:32:38 PDT 2019","1000","BatchId:234837;OriginalHitTemplateId:921587254;","3600","259200","Fri Apr 26 08:32:38 PDT 2019","","","3JBT3HLQF9VND2ROTDEPPUW7THDZPC","AG1XA7PPOEY4Z","Approved","Thu Apr 25 13:04:25 PDT 2019","Thu Apr 25 13:04:43 PDT 2019","Sun Apr 28 13:04:43 PDT 2019","","","","18","100% (24/24)","100% (24/24)","0% (0/0)","[{""x"":183,""y"":138.875,""timestamp"":1556222670564},{""x"":211,""y"":197.875,""timestamp"":1556222671605},{""x"":433,""y"":263.875,""timestamp"":1556222673061},{""x"":377,""y"":192.875,""timestamp"":1556222674094},{""x"":379,""y"":300.875,""timestamp"":1556222674955},{""x"":418,""y"":337.875,""timestamp"":1556222675997},{""x"":409,""y"":378.875,""timestamp"":1556222677310},{""x"":496,""y"":342.875,""timestamp"":1556222678717},{""x"":247,""y"":215.875,""timestamp"":1556222680286},{""x"":316,""y"":214.875,""timestamp"":1556222681145}]"
"3S8APUMBJXCDI71KJUXF2YGKUX8BFQ","3PCDMC3F65UKK71SUNF7SR5EU6BX21","Click on the horse in the image","Every time you click on the image, a dot will appear where you clicked. Please click on the horse at least 10 times. It can be anywhere on the horse (so long as it is actually ON the horse!). You can only submit the HIT if you click at least 10 times.","click on object,images","$0.02","Fri Apr 19 08:32:38 PDT 2019","1000","BatchId:234837;OriginalHitTemplateId:921587254;","3600","259200","Fri Apr 26 08:32:38 PDT 2019","","","3JC6VJ2SACCIJK1XX6PCAV0HTW75AX","A5HHF7CXK8YHU","Approved","Thu Apr 25 15:06:06 PDT 2019","Thu Apr 25 15:07:21 PDT 2019","Sun Apr 28 15:07:21 PDT 2019","","","","75","100% (14/14)","100% (14/14)","0% (0/0)","[{""x"":268,""y"":241,""timestamp"":1556229998092},{""x"":225,""y"":380,""timestamp"":1556230000166},{""x"":228,""y"":359,""timestamp"":1556230000643},{""x"":233,""y"":340,""timestamp"":1556230001056},{""x"":236,""y"":317,""timestamp"":1556230001460},{""x"":241,""y"":298,""timestamp"":1556230001839},{""x"":241,""y"":282,""timestamp"":1556230002211},{""x"":206,""y"":363,""timestamp"":1556230002944},{""x"":197,""y"":352,""timestamp"":1556230003372},{""x"":192,""y"":336,""timestamp"":1556230003784},{""x"":189,""y"":323,""timestamp"":1556230004204},{""x"":184,""y"":310,""timestamp"":1556230004618},{""x"":184,""y"":305,""timestamp"":1556230005070},{""x"":199,""y"":300,""timestamp"":1556230005431},{""x"":211,""y"":295,""timestamp"":1556230005842},{""x"":218,""y"":290,""timestamp"":1556230006270},{""x"":199,""y"":294,""timestamp"":1556230006893},{""x"":214,""y"":280,""timestamp"":1556230007338},{""x"":214,""y"":264,""timestamp"":1556230007766},{""x"":205,""y"":256,""timestamp"":1556230008179},{""x"":198,""y"":234,""timestamp"":1556230008643},{""x"":196,""y"":211,""timestamp"":1556230009048},{""x"":194,""y"":198,""timestamp"":1556230009444},{""x"":198,""y"":214,""timestamp"":1556230009945},{""x"":198,""y"":228,""timestamp"":1556230010308},{""x"":198,""y"":247,""timestamp"":1556230010712},{""x"":192,""y"":187,""timestamp"":1556230011583},{""x"":182,""y"":180,""timestamp"":1556230012214},{""x"":180,""y"":173,""timestamp"":1556230012673},{""x"":176,""y"":166,""timestamp"":1556230013103},{""x"":173,""y"":160,""timestamp"":1556230013532},{""x"":162,""y"":154,""timestamp"":1556230013935},{""x"":144,""y"":153,""timestamp"":1556230014364},{""x"":134,""y"":157,""timestamp"":1556230014853},{""x"":117,""y"":157,""timestamp"":1556230015289},{""x"":116,""y"":166,""timestamp"":1556230015759},{""x"":112,""y"":154,""timestamp"":1556230016275},{""x"":125,""y"":144,""timestamp"":1556230016834},{""x"":129,""y"":135,""timestamp"":1556230017278},{""x"":116,""y"":142,""timestamp"":1556230017816},{""x"":134,""y"":121,""timestamp"":1556230018268},{""x"":146,""y"":110,""timestamp"":1556230018680},{""x"":149,""y"":95,""timestamp"":1556230019982},{""x"":164,""y"":94,""timestamp"":1556230020544},{""x"":158,""y"":109,""timestamp"":1556230020933},{""x"":144,""y"":139,""timestamp"":1556230021305},{""x"":173,""y"":105,""timestamp"":1556230022016},{""x"":180,""y"":122,""timestamp"":1556230022404},{""x"":188,""y"":131,""timestamp"":1556230022800},{""x"":196,""y"":145,""timestamp"":1556230023164},{""x"":208,""y"":161,""timestamp"":1556230023572},{""x"":227,""y"":176,""timestamp"":1556230023976},{""x"":246,""y"":189,""timestamp"":1556230024979},{""x"":266,""y"":197,""timestamp"":1556230025415},{""x"":289,""y"":197,""timestamp"":1556230025811},{""x"":315,""y"":197,""timestamp"":1556230026247},{""x"":347,""y"":195,""timestamp"":1556230026639},{""x"":362,""y"":185,""timestamp"":1556230027425},{""x"":378,""y"":187,""timestamp"":1556230027821},{""x"":391,""y"":201,""timestamp"":1556230028647},{""x"":403,""y"":208,""timestamp"":1556230029318},{""x"":415,""y"":223,""timestamp"":1556230029943},{""x"":469,""y"":303,""timestamp"":1556230037862},{""x"":453,""y"":292,""timestamp"":1556230038290},{""x"":441,""y"":279,""timestamp"":1556230038678},{""x"":440,""y"":259,""timestamp"":1556230039095},{""x"":439,""y"":241,""timestamp"":1556230039410},{""x"":431,""y"":233,""timestamp"":1556230039774},{""x"":422,""y"":219,""timestamp"":1556230040039}]"
"3S8APUMBJXCDI71KJUXF2YGKUX8BFQ","3PCDMC3F65UKK71SUNF7SR5EU6BX21","Click on the horse in the image","Every time you click on the image, a dot will appear where you clicked. Please click on the horse at least 10 times. It can be anywhere on the horse (so long as it is actually ON the horse!). You can only submit the HIT if you click at least 10 times.","click on object,images","$0.02","Fri Apr 19 08:32:38 PDT 2019","1000","BatchId:234837;OriginalHitTemplateId:921587254;","3600","259200","Fri Apr 26 08:32:38 PDT 2019","","","3LOZAJ85YE62G0Q3QXFSWW83A7BX2E","ALPWT2JWPLXA1","Approved","Tue Apr 23 20:12:22 PDT 2019","Tue Apr 23 20:12:44 PDT 2019","Fri Apr 26 20:12:44 PDT 2019","2019-04-27 03:13:07 UTC","","","22","100% (10/10)","100% (10/10)","0% (0/0)","[{""x"":161.19998168945312,""y"":122.875,""timestamp"":1556075663967},{""x"":182.19998168945312,""y"":147.875,""timestamp"":1556075664474},{""x"":205.19998168945312,""y"":172.875,""timestamp"":1556075664853},{""x"":223.19998168945312,""y"":210.875,""timestamp"":1556075665180},{""x"":256.1999816894531,""y"":220.875,""timestamp"":1556075665446},{""x"":275.1999816894531,""y"":234.875,""timestamp"":1556075665830},{""x"":309.1999816894531,""y"":217.875,""timestamp"":1556075666169},{""x"":340.1999816894531,""y"":211.875,""timestamp"":1556075666472},{""x"":349.1999816894531,""y"":232.875,""timestamp"":1556075666681},{""x"":318.1999816894531,""y"":248.875,""timestamp"":1556075666919},{""x"":273.1999816894531,""y"":260.875,""timestamp"":1556075667121},{""x"":327.1999816894531,""y"":263.875,""timestamp"":1556075667405},{""x"":374.1999816894531,""y"":232.875,""timestamp"":1556075667702},{""x"":399.1999816894531,""y"":218.875,""timestamp"":1556075667953},{""x"":413.1999816894531,""y"":235.875,""timestamp"":1556075668148},{""x"":425.1999816894531,""y"":245.875,""timestamp"":1556075668361},{""x"":434.1999816894531,""y"":261.875,""timestamp"":1556075668714},{""x"":237.19998168945312,""y"":244.875,""timestamp"":1556075669113},{""x"":241.19998168945312,""y"":268.875,""timestamp"":1556075669386},{""x"":234.19998168945312,""y"":292.875,""timestamp"":1556075669786},{""x"":234.19998168945312,""y"":310.875,""timestamp"":1556075670121},{""x"":372.1999816894531,""y"":186.875,""timestamp"":1556075670750},{""x"":387.1999816894531,""y"":200.875,""timestamp"":1556075671129},{""x"":458.1999816894531,""y"":203.875,""timestamp"":1556075671477},{""x"":496.1999816894531,""y"":205.875,""timestamp"":1556075671779},{""x"":517.1999816894531,""y"":214.875,""timestamp"":1556075672096},{""x"":536.1999816894531,""y"":228.875,""timestamp"":1556075672633},{""x"":443.1999816894531,""y"":228.875,""timestamp"":1556075673055},{""x"":475.1999816894531,""y"":225.875,""timestamp"":1556075673384},{""x"":411.1999816894531,""y"":208.875,""timestamp"":1556075673955},{""x"":252.19998168945312,""y"":197.875,""timestamp"":1556075674578},{""x"":186.19998168945312,""y"":131.875,""timestamp"":1556075675341},{""x"":139.19998168945312,""y"":141.875,""timestamp"":1556075675645},{""x"":154.19998168945312,""y"":140.875,""timestamp"":1556075676396},{""x"":217.19998168945312,""y"":220.875,""timestamp"":1556075676866},{""x"":200.19998168945312,""y"":236.875,""timestamp"":1556075677253},{""x"":212.19998168945312,""y"":249.875,""timestamp"":1556075677553},{""x"":282.1999816894531,""y"":260.875,""timestamp"":1556075678003},{""x"":313.1999816894531,""y"":264.875,""timestamp"":1556075678361},{""x"":336.1999816894531,""y"":255.875,""timestamp"":1556075678534},{""x"":361.1999816894531,""y"":248.875,""timestamp"":1556075678702},{""x"":375.1999816894531,""y"":253.875,""timestamp"":1556075678857},{""x"":381.1999816894531,""y"":269.875,""timestamp"":1556075679019},{""x"":381.1999816894531,""y"":272.875,""timestamp"":1556075679190},{""x"":364.1999816894531,""y"":276.875,""timestamp"":1556075679390},{""x"":382.1999816894531,""y"":290.875,""timestamp"":1556075679532},{""x"":387.1999816894531,""y"":300.875,""timestamp"":1556075679677},{""x"":388.1999816894531,""y"":308.875,""timestamp"":1556075679834}]"
"3S8APUMBJXCDI71KJUXF2YGKUX8BFQ","3PCDMC3F65UKK71SUNF7SR5EU6BX21","Click on the horse in the image","Every time you click on the image, a dot will appear where you clicked. Please click on the horse at least 10 times. It can be anywhere on the horse (so long as it is actually ON the horse!). You can only submit the HIT if you click at least 10 times.","click on object,images","$0.02","Fri Apr 19 08:32:38 PDT 2019","1000","BatchId:234837;OriginalHitTemplateId:921587254;","3600","259200","Fri Apr 26 08:32:38 PDT 2019","","","3LPW2N6LKUV2YTFV3B63AWCB0ZVU5U","A2Y5XC6F1BYXS3","Approved","Thu Apr 25 09:17:37 PDT 2019","Thu Apr 25 09:17:45 PDT 2019","Sun Apr 28 09:17:45 PDT 2019","","","","8","100% (3/3)","100% (3/3)","0% (0/0)","[{""x"":253,""y"":227.875,""timestamp"":1556209060123},{""x"":234,""y"":221.875,""timestamp"":1556209060489},{""x"":232,""y"":211.875,""timestamp"":1556209060824},{""x"":226,""y"":207.875,""timestamp"":1556209061126},{""x"":261,""y"":209.875,""timestamp"":1556209061446},{""x"":252,""y"":220.875,""timestamp"":1556209061847},{""x"":249,""y"":205.875,""timestamp"":1556209062257},{""x"":249,""y"":259.875,""timestamp"":1556209062551},{""x"":249,""y"":267.875,""timestamp"":1556209062764},{""x"":249,""y"":267.875,""timestamp"":1556209062961},{""x"":245,""y"":259.875,""timestamp"":1556209063230}]"
"3S8APUMBJXCDI71KJUXF2YGKUX8BFQ","3PCDMC3F65UKK71SUNF7SR5EU6BX21","Click on the horse in the image","Every time you click on the image, a dot will appear where you clicked. Please click on the horse at least 10 times. It can be anywhere on the horse (so long as it is actually ON the horse!). You can only submit the HIT if you click at least 10 times.","click on object,images","$0.02","Fri Apr 19 08:32:38 PDT 2019","1000","BatchId:234837;OriginalHitTemplateId:921587254;","3600","259200","Fri Apr 26 08:32:38 PDT 2019","","","3MAOD8E57R3Y5MFWCGDCOKB1L11NXS","A2DIGKVLJWN955","Approved","Tue Apr 23 13:58:06 PDT 2019","Tue Apr 23 13:58:16 PDT 2019","Fri Apr 26 13:58:16 PDT 2019","2019-04-26 20:59:07 UTC","","","10","100% (16/16)","100% (16/16)","0% (0/0)","[{""x"":136,""y"":145.875,""timestamp"":1556053089957},{""x"":165,""y"":130.875,""timestamp"":1556053090821},{""x"":199,""y"":158.875,""timestamp"":1556053091447},{""x"":209,""y"":193.875,""timestamp"":1556053091949},{""x"":216,""y"":233.875,""timestamp"":1556053092476},{""x"":236,""y"":287.875,""timestamp"":1556053093003},{""x"":263,""y"":223.875,""timestamp"":1556053094625},{""x"":303,""y"":223.875,""timestamp"":1556053094988},{""x"":340,""y"":218.875,""timestamp"":1556053095425},{""x"":375,""y"":218.875,""timestamp"":1556053095811}]"
"3S8APUMBJXCDI71KJUXF2YGKUX8BFQ","3PCDMC3F65UKK71SUNF7SR5EU6BX21","Click on the horse in the image","Every time you click on the image, a dot will appear where you clicked. Please click on the horse at least 10 times. It can be anywhere on the horse (so long as it is actually ON the horse!). You can only submit the HIT if you click at least 10 times.","click on object,images","$0.02","Fri Apr 19 08:32:38 PDT 2019","1000","BatchId:234837;OriginalHitTemplateId:921587254;","3600","259200","Fri Apr 26 08:32:38 PDT 2019","","","3NGMS9VZTMB5H8BUEYODA82LF5JFFM","AAZY70DQJ5BFE","Approved","Tue Apr 23 12:30:23 PDT 2019","Tue Apr 23 12:31:23 PDT 2019","Fri Apr 26 12:31:23 PDT 2019","2019-04-26 19:32:07 UTC","","","60","100% (15/15)","100% (15/15)","0% (0/0)","[{""x"":259,""y"":237.875,""timestamp"":1556047864926},{""x"":296,""y"":233.875,""timestamp"":1556047865495},{""x"":350,""y"":219.875,""timestamp"":1556047866225},{""x"":371,""y"":183.875,""timestamp"":1556047867194},{""x"":318,""y"":197.875,""timestamp"":1556047867980},{""x"":262,""y"":202.875,""timestamp"":1556047868854},{""x"":219,""y"":190.875,""timestamp"":1556047869647},{""x"":190,""y"":148.875,""timestamp"":1556047870426},{""x"":157,""y"":138.875,""timestamp"":1556047871284},{""x"":239,""y"":294.875,""timestamp"":1556047873004},{""x"":322,""y"":258.875,""timestamp"":1556047874656},{""x"":405,""y"":236.875,""timestamp"":1556047875425},{""x"":387,""y"":209.875,""timestamp"":1556047876027},{""x"":210,""y"":232.875,""timestamp"":1556047877931}]"
"3S8APUMBJXCDI71KJUXF2YGKUX8BFQ","3PCDMC3F65UKK71SUNF7SR5EU6BX21","Click on the horse in the image","Every time you click on the image, a dot will appear where you clicked. Please click on the horse at least 10 times. It can be anywhere on the horse (so long as it is actually ON the horse!). You can only submit the HIT if you click at least 10 times.","click on object,images","$0.02","Fri Apr 19 08:32:38 PDT 2019","1000","BatchId:234837;OriginalHitTemplateId:921587254;","3600","259200","Fri Apr 26 08:32:38 PDT 2019","","","3PW9OPU9PRDUQZ5AJ4UL1N425SY21T","APX5J4BSY8X98","Approved","Tue Apr 23 22:22:25 PDT 2019","Tue Apr 23 22:22:45 PDT 2019","Fri Apr 26 22:22:45 PDT 2019","","","","20","100% (20/20)","100% (20/20)","0% (0/0)","[{""x"":459,""y"":216.875,""timestamp"":1556083352395},{""x"":508,""y"":215.875,""timestamp"":1556083353051},{""x"":139,""y"":136.875,""timestamp"":1556083354270},{""x"":219,""y"":210.875,""timestamp"":1556083355008},{""x"":243,""y"":289.875,""timestamp"":1556083356849},{""x"":379,""y"":287.875,""timestamp"":1556083357915},{""x"":397,""y"":315.875,""timestamp"":1556083358718},{""x"":358,""y"":276.875,""timestamp"":1556083359664},{""x"":327,""y"":241.875,""timestamp"":1556083360265},{""x"":296,""y"":259.875,""timestamp"":1556083360763},{""x"":269,""y"":226.875,""timestamp"":1556083361357}]"
"3S8APUMBJXCDI71KJUXF2YGKUX8BFQ","3PCDMC3F65UKK71SUNF7SR5EU6BX21","Click on the horse in the image","Every time you click on the image, a dot will appear where you clicked. Please click on the horse at least 10 times. It can be anywhere on the horse (so long as it is actually ON the horse!). You can only submit the HIT if you click at least 10 times.","click on object,images","$0.02","Fri Apr 19 08:32:38 PDT 2019","1000","BatchId:234837;OriginalHitTemplateId:921587254;","3600","259200","Fri Apr 26 08:32:38 PDT 2019","","","3QXNC7EIPJO5JU5R8U50X5T666509J","AHJ6UEG2YC0Q3","Approved","Wed Apr 24 11:16:14 PDT 2019","Wed Apr 24 11:16:26 PDT 2019","Sat Apr 27 11:16:26 PDT 2019","","","","12","100% (25/25)","100% (25/25)","0% (0/0)","[{""x"":231.5,""y"":201.875,""timestamp"":1556129780042},{""x"":231.5,""y"":244.875,""timestamp"":1556129780413},{""x"":238.5,""y"":301.875,""timestamp"":1556129780966},{""x"":233.5,""y"":356.875,""timestamp"":1556129781762},{""x"":383.5,""y"":292.875,""timestamp"":1556129782702},{""x"":359.5,""y"":278.875,""timestamp"":1556129783121},{""x"":413.5,""y"":244.875,""timestamp"":1556129783635},{""x"":438.5,""y"":269.875,""timestamp"":1556129784086},{""x"":448.5,""y"":292.875,""timestamp"":1556129784521},{""x"":470.5,""y"":311.875,""timestamp"":1556129785059}]"
"3S8APUMBJXCDI71KJUXF2YGKUX8BFQ","3PCDMC3F65UKK71SUNF7SR5EU6BX21","Click on the horse in the image","Every time you click on the image, a dot will appear where you clicked. Please click on the horse at least 10 times. It can be anywhere on the horse (so long as it is actually ON the horse!). You can only submit the HIT if you click at least 10 times.","click on object,images","$0.02","Fri Apr 19 08:32:38 PDT 2019","1000","BatchId:234837;OriginalHitTemplateId:921587254;","3600","259200","Fri Apr 26 08:32:38 PDT 2019","","","3R08VXYT7DOUD1IJM401Q4B4CKLW7S","A1HTSCH5NYPS4R","Approved","Mon Apr 22 10:33:54 PDT 2019","Mon Apr 22 10:34:40 PDT 2019","Thu Apr 25 10:34:40 PDT 2019","2019-04-25 17:35:07 UTC","","","46","100% (119/119)","100% (119/119)","0% (0/0)","[{""x"":312.5,""y"":220.875,""timestamp"":1555954442761},{""x"":312.5,""y"":220.875,""timestamp"":1555954443081},{""x"":259.5,""y"":222.875,""timestamp"":1555954443571},{""x"":211.5,""y"":197.875,""timestamp"":1555954444097},{""x"":191.5,""y"":147.875,""timestamp"":1555954444585},{""x"":157.5,""y"":141.875,""timestamp"":1555954445059},{""x"":131.5,""y"":142.875,""timestamp"":1555954445499},{""x"":156.5,""y"":115.875,""timestamp"":1555954445933},{""x"":240.5,""y"":266.875,""timestamp"":1555954446823},{""x"":238.5,""y"":294.875,""timestamp"":1555954447497},{""x"":402.5,""y"":216.875,""timestamp"":1555954448195},{""x"":372.5,""y"":200.875,""timestamp"":1555954448649},{""x"":337.5,""y"":247.875,""timestamp"":1555954449153},{""x"":287.5,""y"":259.875,""timestamp"":1555954449547},{""x"":272.5,""y"":245.875,""timestamp"":1555954449987},{""x"":417.5,""y"":246.875,""timestamp"":1555954450581},{""x"":377.5,""y"":287.875,""timestamp"":1555954451343},{""x"":387.5,""y"":305.875,""timestamp"":1555954451993},{""x"":332.5,""y"":202.875,""timestamp"":1555954452683},{""x"":282.5,""y"":204.875,""timestamp"":1555954453153},{""x"":240.5,""y"":238.875,""timestamp"":1555954459783},{""x"":239.5,""y"":259.875,""timestamp"":1555954460151},{""x"":253.5,""y"":259.875,""timestamp"":1555954460430},{""x"":256.5,""y"":254.875,""timestamp"":1555954460768},{""x"":256.5,""y"":246.875,""timestamp"":1555954461041},{""x"":252.5,""y"":293.875,""timestamp"":1555954461442},{""x"":251.5,""y"":274.875,""timestamp"":1555954461938},{""x"":240.5,""y"":292.875,""timestamp"":1555954462468},{""x"":240.5,""y"":281.875,""timestamp"":1555954462772},{""x"":240.5,""y"":275.875,""timestamp"":1555954463046},{""x"":230.5,""y"":224.875,""timestamp"":1555954464139},{""x"":230.5,""y"":224.875,""timestamp"":1555954464438},{""x"":214.5,""y"":191.875,""timestamp"":1555954464718},{""x"":214.5,""y"":215.875,""timestamp"":1555954464982},{""x"":208.5,""y"":255.875,""timestamp"":1555954465367},{""x"":204.5,""y"":242.875,""timestamp"":1555954465778},{""x"":204.5,""y"":220.875,""timestamp"":1555954466161},{""x"":204.5,""y"":208.875,""timestamp"":1555954466457},{""x"":192.5,""y"":183.875,""timestamp"":1555954466860},{""x"":192.5,""y"":179.875,""timestamp"":1555954467204},{""x"":201.5,""y"":185.875,""timestamp"":1555954467614},{""x"":201.5,""y"":177.875,""timestamp"":1555954467909},{""x"":201.5,""y"":173.875,""timestamp"":1555954468223},{""x"":213.5,""y"":173.875,""timestamp"":1555954468511},{""x"":214.5,""y"":177.875,""timestamp"":1555954468885},{""x"":234.5,""y"":186.875,""timestamp"":1555954469270},{""x"":229.5,""y"":186.875,""timestamp"":1555954469728},{""x"":229.5,""y"":202.875,""timestamp"":1555954469975},{""x"":231.5,""y"":202.875,""timestamp"":1555954470313},{""x"":237.5,""y"":202.875,""timestamp"":1555954470649},{""x"":237.5,""y"":223.875,""timestamp"":1555954471009},{""x"":253.5,""y"":218.875,""timestamp"":1555954471347},{""x"":253.5,""y"":208.875,""timestamp"":1555954471652},{""x"":252.5,""y"":194.875,""timestamp"":1555954472029},{""x"":263.5,""y"":194.875,""timestamp"":1555954472373},{""x"":263.5,""y"":204.875,""timestamp"":1555954472703},{""x"":268.5,""y"":204.875,""timestamp"":1555954473043},{""x"":269.5,""y"":212.875,""timestamp"":1555954473389},{""x"":290.5,""y"":226.875,""timestamp"":1555954473749},{""x"":293.5,""y"":197.875,""timestamp"":1555954474359},{""x"":299.5,""y"":197.875,""timestamp"":1555954474711},{""x"":315.5,""y"":197.875,""timestamp"":1555954475066},{""x"":321.5,""y"":197.875,""timestamp"":1555954475417},{""x"":337.5,""y"":197.875,""timestamp"":1555954475715},{""x"":369.5,""y"":192.875,""timestamp"":1555954476083},{""x"":349.5,""y"":211.875,""timestamp"":1555954476446},{""x"":327.5,""y"":211.875,""timestamp"":1555954476814},{""x"":342.5,""y"":220.875,""timestamp"":1555954477212},{""x"":339.5,""y"":222.875,""timestamp"":1555954477532},{""x"":324.5,""y"":222.875,""timestamp"":1555954477862},{""x"":323.5,""y"":241.875,""timestamp"":1555954478222},{""x"":305.5,""y"":239.875,""timestamp"":1555954478592},{""x"":311.5,""y"":217.875,""timestamp"":1555954478992},{""x"":288.5,""y"":217.875,""timestamp"":1555954479353},{""x"":288.5,""y"":229.875,""timestamp"":1555954479690}]"
"3S8APUMBJXCDI71KJUXF2YGKUX8BFQ","3PCDMC3F65UKK71SUNF7SR5EU6BX21","Click on the horse in the image","Every time you click on the image, a dot will appear where you clicked. Please click on the horse at least 10 times. It can be anywhere on the horse (so long as it is actually ON the horse!). You can only submit the HIT if you click at least 10 times.","click on object,images","$0.02","Fri Apr 19 08:32:38 PDT 2019","1000","BatchId:234837;OriginalHitTemplateId:921587254;","3600","259200","Fri Apr 26 08:32:38 PDT 2019","","","3RSDURM96BFJBLSTODWVHBO19G3YEV","A23441R746K5OU","Approved","Wed Apr 24 23:17:22 PDT 2019","Wed Apr 24 23:17:37 PDT 2019","Sat Apr 27 23:17:37 PDT 2019","","","","15","100% (17/17)","100% (17/17)","0% (0/0)","[{""x"":270,""y"":246.875,""timestamp"":1556173045833},{""x"":325,""y"":246.875,""timestamp"":1556173046285},{""x"":362,""y"":235.875,""timestamp"":1556173046757},{""x"":378,""y"":283.875,""timestamp"":1556173047562},{""x"":451,""y"":222.875,""timestamp"":1556173048558},{""x"":495,""y"":225.875,""timestamp"":1556173049242},{""x"":307,""y"":212.875,""timestamp"":1556173049876},{""x"":219,""y"":208.875,""timestamp"":1556173050329},{""x"":184,""y"":147.875,""timestamp"":1556173050721},{""x"":158,""y"":136.875,""timestamp"":1556173051256},{""x"":126,""y"":148.875,""timestamp"":1556173051929},{""x"":225,""y"":245.875,""timestamp"":1556173052734},{""x"":214,""y"":286.875,""timestamp"":1556173053619}]"
"3S8APUMBJXCDI71KJUXF2YGKUX8BFQ","3PCDMC3F65UKK71SUNF7SR5EU6BX21","Click on the horse in the image","Every time you click on the image, a dot will appear where you clicked. Please click on the horse at least 10 times. It can be anywhere on the horse (so long as it is actually ON the horse!). You can only submit the HIT if you click at least 10 times.","click on object,images","$0.02","Fri Apr 19 08:32:38 PDT 2019","1000","BatchId:234837;OriginalHitTemplateId:921587254;","3600","259200","Fri Apr 26 08:32:38 PDT 2019","","","3VD82FOHKRHSK94DMZH2PWQWATFCOR","A32YP4ANU466LT","Approved","Mon Apr 22 19:39:36 PDT 2019","Mon Apr 22 19:40:17 PDT 2019","Thu Apr 25 19:40:17 PDT 2019","2019-04-26 02:41:07 UTC","","","41","100% (306/306)","100% (306/306)","0% (0/0)","[{""x"":153,""y"":137.875,""timestamp"":1555987181101},{""x"":177,""y"":130.875,""timestamp"":1555987181461},{""x"":193,""y"":155.875,""timestamp"":1555987181795},{""x"":204,""y"":177.875,""timestamp"":1555987182060},{""x"":215,""y"":190.875,""timestamp"":1555987182253},{""x"":238,""y"":202.875,""timestamp"":1555987182452},{""x"":263,""y"":208.875,""timestamp"":1555987182641},{""x"":297,""y"":209.875,""timestamp"":1555987182848},{""x"":325,""y"":204.875,""timestamp"":1555987183078},{""x"":355,""y"":199.875,""timestamp"":1555987183288},{""x"":383,""y"":202.875,""timestamp"":1555987183497},{""x"":393,""y"":212.875,""timestamp"":1555987183668},{""x"":403,""y"":222.875,""timestamp"":1555987183913},{""x"":410,""y"":230.875,""timestamp"":1555987184156},{""x"":393,""y"":233.875,""timestamp"":1555987184430},{""x"":363,""y"":213.875,""timestamp"":1555987184681},{""x"":328,""y"":207.875,""timestamp"":1555987184910},{""x"":300,""y"":212.875,""timestamp"":1555987185079},{""x"":273,""y"":215.875,""timestamp"":1555987185272},{""x"":236,""y"":220.875,""timestamp"":1555987185500},{""x"":226,""y"":240.875,""timestamp"":1555987185691},{""x"":233,""y"":252.875,""timestamp"":1555987185908},{""x"":239,""y"":260.875,""timestamp"":1555987186108},{""x"":250,""y"":251.875,""timestamp"":1555987186362},{""x"":290,""y"":234.875,""timestamp"":1555987186624},{""x"":315,""y"":231.875,""timestamp"":1555987186788},{""x"":355,""y"":232.875,""timestamp"":1555987187024},{""x"":387,""y"":240.875,""timestamp"":1555987187250},{""x"":418,""y"":253.875,""timestamp"":1555987187478},{""x"":434,""y"":262.875,""timestamp"":1555987187723},{""x"":445,""y"":278.875,""timestamp"":1555987187990},{""x"":458,""y"":293.875,""timestamp"":1555987188247},{""x"":466,""y"":304.875,""timestamp"":1555987188518},{""x"":363,""y"":281.875,""timestamp"":1555987189256},{""x"":380,""y"":304.875,""timestamp"":1555987189483},{""x"":397,""y"":319.875,""timestamp"":1555987189741},{""x"":402,""y"":321.875,""timestamp"":1555987190007},{""x"":314,""y"":269.875,""timestamp"":1555987190791},{""x"":283,""y"":264.875,""timestamp"":1555987191021},{""x"":257,""y"":265.875,""timestamp"":1555987191223},{""x"":240,""y"":280.875,""timestamp"":1555987191465},{""x"":238,""y"":303.875,""timestamp"":1555987191717},{""x"":238,""y"":322.875,""timestamp"":1555987191954},{""x"":238,""y"":340.875,""timestamp"":1555987192182},{""x"":232,""y"":359.875,""timestamp"":1555987192488},{""x"":215,""y"":287.875,""timestamp"":1555987193229},{""x"":196,""y"":298.875,""timestamp"":1555987193485},{""x"":193,""y"":306.875,""timestamp"":1555987193736},{""x"":208,""y"":244.875,""timestamp"":1555987194815},{""x"":202,""y"":216.875,""timestamp"":1555987195022},{""x"":197,""y"":189.875,""timestamp"":1555987195241},{""x"":194,""y"":158.875,""timestamp"":1555987195472},{""x"":187,""y"":138.875,""timestamp"":1555987195703},{""x"":150,""y"":121.875,""timestamp"":1555987196034},{""x"":126,""y"":138.875,""timestamp"":1555987196302},{""x"":125,""y"":151.875,""timestamp"":1555987196501},{""x"":145,""y"":133.875,""timestamp"":1555987196763},{""x"":163,""y"":114.875,""timestamp"":1555987197012},{""x"":190,""y"":128.875,""timestamp"":1555987197281},{""x"":210,""y"":155.875,""timestamp"":1555987197524},{""x"":228,""y"":177.875,""timestamp"":1555987197763},{""x"":257,""y"":192.875,""timestamp"":1555987197966},{""x"":296,""y"":204.875,""timestamp"":1555987198217},{""x"":325,""y"":198.875,""timestamp"":1555987198466},{""x"":355,""y"":190.875,""timestamp"":1555987198719},{""x"":378,""y"":188.875,""timestamp"":1555987198968},{""x"":401,""y"":205.875,""timestamp"":1555987199217},{""x"":410,""y"":212.875,""timestamp"":1555987199304},{""x"":426,""y"":218.875,""timestamp"":1555987199448},{""x"":461,""y"":212.875,""timestamp"":1555987199701},{""x"":494,""y"":209.875,""timestamp"":1555987199954},{""x"":522,""y"":212.875,""timestamp"":1555987200202},{""x"":487,""y"":213.875,""timestamp"":1555987200618},{""x"":458,""y"":212.875,""timestamp"":1555987200891},{""x"":430,""y"":212.875,""timestamp"":1555987201177},{""x"":424,""y"":211.875,""timestamp"":1555987201375},{""x"":454,""y"":201.875,""timestamp"":1555987201646},{""x"":480,""y"":196.875,""timestamp"":1555987201939},{""x"":483,""y"":215.875,""timestamp"":1555987202219},{""x"":444,""y"":220.875,""timestamp"":1555987202479},{""x"":432,""y"":222.875,""timestamp"":1555987202726},{""x"":412,""y"":239.875,""timestamp"":1555987203018},{""x"":384,""y"":237.875,""timestamp"":1555987203278},{""x"":350,""y"":240.875,""timestamp"":1555987203495},{""x"":327,""y"":252.875,""timestamp"":1555987203693},{""x"":307,""y"":256.875,""timestamp"":1555987203910},{""x"":279,""y"":253.875,""timestamp"":1555987204150},{""x"":298,""y"":253.875,""timestamp"":1555987204395},{""x"":355,""y"":252.875,""timestamp"":1555987204648},{""x"":360,""y"":252.875,""timestamp"":1555987204971},{""x"":322,""y"":261.875,""timestamp"":1555987205245},{""x"":283,""y"":265.875,""timestamp"":1555987205472},{""x"":242,""y"":252.875,""timestamp"":1555987205697},{""x"":261,""y"":231.875,""timestamp"":1555987205980},{""x"":271,""y"":239.875,""timestamp"":1555987206222},{""x"":244,""y"":228.875,""timestamp"":1555987206527},{""x"":224,""y"":210.875,""timestamp"":1555987206732},{""x"":209,""y"":192.875,""timestamp"":1555987206975},{""x"":202,""y"":165.875,""timestamp"":1555987207264},{""x"":267,""y"":198.875,""timestamp"":1555987207511},{""x"":342,""y"":209.875,""timestamp"":1555987207765},{""x"":373,""y"":201.875,""timestamp"":1555987208057},{""x"":322,""y"":220.875,""timestamp"":1555987208351},{""x"":337,""y"":231.875,""timestamp"":1555987208581},{""x"":362,""y"":233.875,""timestamp"":1555987208783},{""x"":413,""y"":240.875,""timestamp"":1555987209068},{""x"":414,""y"":257.875,""timestamp"":1555987209294},{""x"":379,""y"":268.875,""timestamp"":1555987209532},{""x"":385,""y"":283.875,""timestamp"":1555987209790},{""x"":387,""y"":293.875,""timestamp"":1555987210002},{""x"":390,""y"":306.875,""timestamp"":1555987210260},{""x"":404,""y"":327.875,""timestamp"":1555987210812},{""x"":415,""y"":333.875,""timestamp"":1555987211213},{""x"":422,""y"":346.875,""timestamp"":1555987211610},{""x"":417,""y"":362.875,""timestamp"":1555987211983},{""x"":412,""y"":381.875,""timestamp"":1555987212420},{""x"":186,""y"":312.875,""timestamp"":1555987214186},{""x"":195,""y"":339.875,""timestamp"":1555987214655},{""x"":204,""y"":351.875,""timestamp"":1555987215074},{""x"":271,""y"":199.875,""timestamp"":1555987216593},{""x"":226,""y"":179.875,""timestamp"":1555987216848},{""x"":207,""y"":151.875,""timestamp"":1555987217076},{""x"":184,""y"":117.875,""timestamp"":1555987217311},{""x"":157,""y"":107.875,""timestamp"":1555987217541},{""x"":138,""y"":116.875,""timestamp"":1555987217770},{""x"":130,""y"":136.875,""timestamp"":1555987217998},{""x"":125,""y"":151.875,""timestamp"":1555987218232}]"
"3S8APUMBJXCDI71KJUXF2YGKUX8BFQ","3PCDMC3F65UKK71SUNF7SR5EU6BX21","Click on the horse in the image","Every time you click on the image, a dot will appear where you clicked. Please click on the horse at least 10 times. It can be anywhere on the horse (so long as it is actually ON the horse!). You can only submit the HIT if you click at least 10 times.","click on object,images","$0.02","Fri Apr 19 08:32:38 PDT 2019","1000","BatchId:234837;OriginalHitTemplateId:921587254;","3600","259200","Fri Apr 26 08:32:38 PDT 2019","","","3VHHR074H4AE276KIQTZHTUOEEU7LP","A2N74CHUQ5T60G","Approved","Wed Apr 24 16:43:24 PDT 2019","Wed Apr 24 16:43:31 PDT 2019","Sat Apr 27 16:43:31 PDT 2019","","","","7","100% (20/20)","100% (20/20)","0% (0/0)","[{""x"":124.5,""y"":143.875,""timestamp"":1556149405202},{""x"":159.5,""y"":117.875,""timestamp"":1556149405369},{""x"":155.5,""y"":110.875,""timestamp"":1556149405613},{""x"":125.5,""y"":141.875,""timestamp"":1556149405798},{""x"":162.5,""y"":128.875,""timestamp"":1556149405973},{""x"":149.5,""y"":149.875,""timestamp"":1556149406119},{""x"":172.5,""y"":123.875,""timestamp"":1556149406270},{""x"":162.5,""y"":141.875,""timestamp"":1556149406406},{""x"":193.5,""y"":151.875,""timestamp"":1556149406563},{""x"":187.5,""y"":176.875,""timestamp"":1556149406721},{""x"":204.5,""y"":148.875,""timestamp"":1556149406883},{""x"":209.5,""y"":185.875,""timestamp"":1556149406996},{""x"":210.5,""y"":201.875,""timestamp"":1556149407140},{""x"":207.5,""y"":240.875,""timestamp"":1556149407281},{""x"":270.5,""y"":248.875,""timestamp"":1556149407428},{""x"":311.5,""y"":243.875,""timestamp"":1556149407595},{""x"":367.5,""y"":212.875,""timestamp"":1556149407758},{""x"":397.5,""y"":238.875,""timestamp"":1556149407897},{""x"":410.5,""y"":231.875,""timestamp"":1556149408047},{""x"":420.5,""y"":234.875,""timestamp"":1556149408196}]"
"3S8APUMBJXCDI71KJUXF2YGKUX8BFQ","3PCDMC3F65UKK71SUNF7SR5EU6BX21","Click on the horse in the image","Every time you click on the image, a dot will appear where you clicked. Please click on the horse at least 10 times. It can be anywhere on the horse (so long as it is actually ON the horse!). You can only submit the HIT if you click at least 10 times.","click on object,images","$0.02","Fri Apr 19 08:32:38 PDT 2019","1000","BatchId:234837;OriginalHitTemplateId:921587254;","3600","259200","Fri Apr 26 08:32:38 PDT 2019","","","3X3OR7WPZ0TI2LB3SVL5VTQJPY28LF","A3MAF5W7IGJTQS","Approved","Thu Apr 25 00:17:27 PDT 2019","Thu Apr 25 00:18:42 PDT 2019","Sun Apr 28 00:18:42 PDT 2019","","","","75","100% (23/23)","100% (23/23)","0% (0/0)","[{""x"":195.66665649414062,""y"":175.875,""timestamp"":1556176714190},{""x"":246.66665649414062,""y"":229.875,""timestamp"":1556176714839},{""x"":246.66665649414062,""y"":229.875,""timestamp"":1556176714900},{""x"":317.6666564941406,""y"":229.875,""timestamp"":1556176715218},{""x"":391.6666564941406,""y"":232.875,""timestamp"":1556176715686},{""x"":418.6666564941406,""y"":242.875,""timestamp"":1556176716185},{""x"":308.6666564941406,""y"":196.875,""timestamp"":1556176716726},{""x"":253.66665649414062,""y"":222.875,""timestamp"":1556176717192},{""x"":270.6666564941406,""y"":257.875,""timestamp"":1556176717642},{""x"":321.6666564941406,""y"":252.875,""timestamp"":1556176718088},{""x"":360.6666564941406,""y"":236.875,""timestamp"":1556176718619}]"
"3S8APUMBJXCDI71KJUXF2YGKUX8BFQ","3PCDMC3F65UKK71SUNF7SR5EU6BX21","Click on the horse in the image","Every time you click on the image, a dot will appear where you clicked. Please click on the horse at least 10 times. It can be anywhere on the horse (so long as it is actually ON the horse!). You can only submit the HIT if you click at least 10 times.","click on object,images","$0.02","Fri Apr 19 08:32:38 PDT 2019","1000","BatchId:234837;OriginalHitTemplateId:921587254;","3600","259200","Fri Apr 26 08:32:38 PDT 2019","","","3X73LLYYQ271JWFH7CVQLYN7XBANHR","APICU54PD3JZF","Approved","Sun Apr 21 18:13:23 PDT 2019","Sun Apr 21 18:15:20 PDT 2019","Wed Apr 24 18:15:20 PDT 2019","2019-04-25 01:16:07 UTC","","","117","100% (26/26)","100% (26/26)","0% (0/0)","[{""x"":108,""y"":169,""timestamp"":1555895609229},{""x"":104,""y"":155,""timestamp"":1555895610901},{""x"":110,""y"":143,""timestamp"":1555895611580},{""x"":125,""y"":134,""timestamp"":1555895612283},{""x"":134,""y"":120,""timestamp"":1555895612893},{""x"":144,""y"":109,""timestamp"":1555895613548},{""x"":149,""y"":92,""timestamp"":1555895614655},{""x"":152,""y"":98,""timestamp"":1555895615317},{""x"":164,""y"":89,""timestamp"":1555895616206},{""x"":169,""y"":99,""timestamp"":1555895616788},{""x"":179,""y"":106,""timestamp"":1555895617600},{""x"":187,""y"":119,""timestamp"":1555895618190},{""x"":195,""y"":135,""timestamp"":1555895618804},{""x"":198,""y"":137,""timestamp"":1555895619467},{""x"":204,""y"":146,""timestamp"":1555895620016},{""x"":214,""y"":153,""timestamp"":1555895620622},{""x"":223,""y"":167,""timestamp"":1555895621285},{""x"":227,""y"":169,""timestamp"":1555895621935},{""x"":231,""y"":174,""timestamp"":1555895622452},{""x"":240,""y"":178,""timestamp"":1555895622985},{""x"":254,""y"":187,""timestamp"":1555895623745},{""x"":269,""y"":192,""timestamp"":1555895624326},{""x"":283,""y"":192,""timestamp"":1555895624949},{""x"":294,""y"":192,""timestamp"":1555895625538},{""x"":314,""y"":191,""timestamp"":1555895626205},{""x"":304,""y"":191,""timestamp"":1555895626795},{""x"":322,""y"":190,""timestamp"":1555895627344},{""x"":336,""y"":187,""timestamp"":1555895628160},{""x"":349,""y"":184,""timestamp"":1555895628734},{""x"":359,""y"":183,""timestamp"":1555895629316},{""x"":372,""y"":182,""timestamp"":1555895630076},{""x"":386,""y"":185,""timestamp"":1555895630807},{""x"":391,""y"":187,""timestamp"":1555895631469},{""x"":400,""y"":194,""timestamp"":1555895632245},{""x"":411,""y"":201,""timestamp"":1555895633053},{""x"":416,""y"":208,""timestamp"":1555895633691},{""x"":423,""y"":215,""timestamp"":1555895634184},{""x"":427,""y"":223,""timestamp"":1555895634923},{""x"":435,""y"":238,""timestamp"":1555895635764},{""x"":443,""y"":249,""timestamp"":1555895636814},{""x"":445,""y"":261,""timestamp"":1555895637396},{""x"":447,""y"":273,""timestamp"":1555895638180},{""x"":447,""y"":288,""timestamp"":1555895638935},{""x"":455,""y"":292,""timestamp"":1555895639865},{""x"":465,""y"":301,""timestamp"":1555895640649},{""x"":471,""y"":308,""timestamp"":1555895641562},{""x"":475,""y"":316,""timestamp"":1555895642240},{""x"":480,""y"":324,""timestamp"":1555895642915},{""x"":490,""y"":335,""timestamp"":1555895643836},{""x"":499,""y"":346,""timestamp"":1555895644798},{""x"":503,""y"":355,""timestamp"":1555895645606},{""x"":509,""y"":366,""timestamp"":1555895646511},{""x"":512,""y"":374,""timestamp"":1555895647396},{""x"":439,""y"":288,""timestamp"":1555895648519},{""x"":426,""y"":278,""timestamp"":1555895649149},{""x"":418,""y"":272,""timestamp"":1555895649690},{""x"":408,""y"":262,""timestamp"":1555895650248},{""x"":374,""y"":252,""timestamp"":1555895651549},{""x"":382,""y"":252,""timestamp"":1555895652151},{""x"":392,""y"":256,""timestamp"":1555895652757},{""x"":406,""y"":276,""timestamp"":1555895654179},{""x"":398,""y"":290,""timestamp"":1555895654826},{""x"":406,""y"":300,""timestamp"":1555895655618},{""x"":412,""y"":308,""timestamp"":1555895656208},{""x"":422,""y"":322,""timestamp"":1555895656898},{""x"":425,""y"":336,""timestamp"":1555895657553},{""x"":424,""y"":351,""timestamp"":1555895658183},{""x"":420,""y"":364,""timestamp"":1555895658741},{""x"":414,""y"":373,""timestamp"":1555895659436},{""x"":412,""y"":379,""timestamp"":1555895660001},{""x"":406,""y"":383,""timestamp"":1555895660680},{""x"":410,""y"":368,""timestamp"":1555895661245},{""x"":413,""y"":349,""timestamp"":1555895661831},{""x"":405,""y"":339,""timestamp"":1555895662501},{""x"":388,""y"":328,""timestamp"":1555895663132},{""x"":375,""y"":314,""timestamp"":1555895663714},{""x"":364,""y"":306,""timestamp"":1555895664320},{""x"":355,""y"":296,""timestamp"":1555895664869},{""x"":350,""y"":285,""timestamp"":1555895665451},{""x"":349,""y"":276,""timestamp"":1555895666514},{""x"":360,""y"":271,""timestamp"":1555895667071},{""x"":369,""y"":261,""timestamp"":1555895667580},{""x"":343,""y"":277,""timestamp"":1555895668404},{""x"":322,""y"":280,""timestamp"":1555895668979},{""x"":332,""y"":281,""timestamp"":1555895669867},{""x"":320,""y"":281,""timestamp"":1555895670473},{""x"":310,""y"":282,""timestamp"":1555895670966},{""x"":291,""y"":285,""timestamp"":1555895671507},{""x"":278,""y"":284,""timestamp"":1555895672183},{""x"":263,""y"":284,""timestamp"":1555895672667},{""x"":256,""y"":299,""timestamp"":1555895673443},{""x"":248,""y"":320,""timestamp"":1555895674162},{""x"":250,""y"":310,""timestamp"":1555895674824},{""x"":249,""y"":328,""timestamp"":1555895675366},{""x"":246,""y"":333,""timestamp"":1555895676255},{""x"":240,""y"":347,""timestamp"":1555895677321},{""x"":238,""y"":356,""timestamp"":1555895677948},{""x"":234,""y"":377,""timestamp"":1555895678520},{""x"":225,""y"":387,""timestamp"":1555895679248},{""x"":223,""y"":371,""timestamp"":1555895679838},{""x"":227,""y"":355,""timestamp"":1555895680379},{""x"":231,""y"":332,""timestamp"":1555895680929},{""x"":230,""y"":320,""timestamp"":1555895681568},{""x"":230,""y"":307,""timestamp"":1555895682169},{""x"":218,""y"":303,""timestamp"":1555895682969},{""x"":207,""y"":304,""timestamp"":1555895683777},{""x"":196,""y"":304,""timestamp"":1555895684303},{""x"":189,""y"":307,""timestamp"":1555895685248},{""x"":193,""y"":329,""timestamp"":1555895685919},{""x"":198,""y"":341,""timestamp"":1555895686561},{""x"":210,""y"":356,""timestamp"":1555895687143},{""x"":204,""y"":363,""timestamp"":1555895687822},{""x"":194,""y"":344,""timestamp"":1555895688428},{""x"":187,""y"":324,""timestamp"":1555895689091},{""x"":186,""y"":306,""timestamp"":1555895689729},{""x"":197,""y"":294,""timestamp"":1555895690295},{""x"":212,""y"":283,""timestamp"":1555895690863},{""x"":206,""y"":274,""timestamp"":1555895695678},{""x"":195,""y"":259,""timestamp"":1555895696373},{""x"":192,""y"":239,""timestamp"":1555895697141},{""x"":192,""y"":219,""timestamp"":1555895697731},{""x"":188,""y"":206,""timestamp"":1555895698312},{""x"":184,""y"":193,""timestamp"":1555895698858},{""x"":178,""y"":177,""timestamp"":1555895699456},{""x"":169,""y"":164,""timestamp"":1555895700054},{""x"":159,""y"":163,""timestamp"":1555895700741},{""x"":146,""y"":163,""timestamp"":1555895701460},{""x"":129,""y"":166,""timestamp"":1555895702219},{""x"":119,""y"":171,""timestamp"":1555895702906},{""x"":426,""y"":199,""timestamp"":1555895704752},{""x"":443,""y"":199,""timestamp"":1555895705229},{""x"":451,""y"":193,""timestamp"":1555895706183},{""x"":468,""y"":188,""timestamp"":1555895706829},{""x"":490,""y"":191,""timestamp"":1555895707500},{""x"":511,""y"":194,""timestamp"":1555895708118},{""x"":521,""y"":198,""timestamp"":1555895708756},{""x"":528,""y"":202,""timestamp"":1555895709354},{""x"":538,""y"":208,""timestamp"":1555895709863},{""x"":555,""y"":222,""timestamp"":1555895710582},{""x"":565,""y"":229,""timestamp"":1555895711124},{""x"":582,""y"":245,""timestamp"":1555895711907},{""x"":561,""y"":247,""timestamp"":1555895712489},{""x"":533,""y"":253,""timestamp"":1555895713160},{""x"":518,""y"":263,""timestamp"":1555895713737},{""x"":496,""y"":273,""timestamp"":1555895714319},{""x"":481,""y"":276,""timestamp"":1555895714893},{""x"":473,""y"":265,""timestamp"":1555895715475},{""x"":461,""y"":253,""timestamp"":1555895715992},{""x"":510,""y"":271,""timestamp"":1555895717050},{""x"":546,""y"":255,""timestamp"":1555895717770}]"
"3S8APUMBJXCDI71KJUXF2YGKUX8BFQ","3PCDMC3F65UKK71SUNF7SR5EU6BX21","Click on the horse in the image","Every time you click on the image, a dot will appear where you clicked. Please click on the horse at least 10 times. It can be anywhere on the horse (so long as it is actually ON the horse!). You can only submit the HIT if you click at least 10 times.","click on object,images","$0.02","Fri Apr 19 08:32:38 PDT 2019","1000","BatchId:234837;OriginalHitTemplateId:921587254;","3600","259200","Fri Apr 26 08:32:38 PDT 2019","","","3XC1O3LBOTF1053RVTW0MPM63BQLTK","A3907LDKHAP28P","Approved","Thu Apr 25 12:20:46 PDT 2019","Thu Apr 25 12:20:55 PDT 2019","Sun Apr 28 12:20:55 PDT 2019","","","","9","100% (3/3)","100% (3/3)","0% (0/0)","[{""x"":230.5,""y"":238.875,""timestamp"":1556220050246},{""x"":294.5,""y"":238.875,""timestamp"":1556220050633},{""x"":332.5,""y"":233.875,""timestamp"":1556220051045},{""x"":380.5,""y"":231.875,""timestamp"":1556220051481},{""x"":283.5,""y"":241.875,""timestamp"":1556220051901},{""x"":257.5,""y"":212.875,""timestamp"":1556220052346},{""x"":209.5,""y"":201.875,""timestamp"":1556220052911},{""x"":200.5,""y"":163.875,""timestamp"":1556220053396},{""x"":172.5,""y"":135.875,""timestamp"":1556220053889},{""x"":138.5,""y"":145.875,""timestamp"":1556220054422}]"
"3S8APUMBJXCDI71KJUXF2YGKUX8BFQ","3PCDMC3F65UKK71SUNF7SR5EU6BX21","Click on the horse in the image","Every time you click on the image, a dot will appear where you clicked. Please click on the horse at least 10 times. It can be anywhere on the horse (so long as it is actually ON the horse!). You can only submit the HIT if you click at least 10 times.","click on object,images","$0.02","Fri Apr 19 08:32:38 PDT 2019","1000","BatchId:234837;OriginalHitTemplateId:921587254;","3600","259200","Fri Apr 26 08:32:38 PDT 2019","","","3Y5140Z9DY91IC2ET9Q3PZTHX49PI3","A21CNDWV70DK3G","Approved","Thu Apr 25 09:01:55 PDT 2019","Thu Apr 25 09:02:18 PDT 2019","Sun Apr 28 09:02:18 PDT 2019","","","","23","100% (16/16)","100% (16/16)","0% (0/0)","[{""x"":310.5,""y"":240.859375,""timestamp"":1556208119754},{""x"":252.5,""y"":226.859375,""timestamp"":1556208121442},{""x"":350.5,""y"":236.859375,""timestamp"":1556208131267},{""x"":312.5,""y"":218.859375,""timestamp"":1556208131858},{""x"":259.5,""y"":258.859375,""timestamp"":1556208132351},{""x"":223.5,""y"":239.859375,""timestamp"":1556208132941},{""x"":211.5,""y"":212.859375,""timestamp"":1556208133377},{""x"":204.5,""y"":185.859375,""timestamp"":1556208133876},{""x"":188.5,""y"":157.859375,""timestamp"":1556208134446},{""x"":161.5,""y"":120.859375,""timestamp"":1556208134995}]"